username,name,sex,address,mail,birthdate
bbow0,Bernadina Bow,M,779 Fremont Street,bbow0@vkontakte.ru,1988-05-29
tmattea1,Tod Mattea,M,32 Lyons Plaza,tmattea1@skyrock.com,2009-07-19
gdukelow2,Gertrud Dukelow,F,052 Longview Crossing,gdukelow2@tiny.cc,2006-05-05
bgent3,Brittaney Gent,M,160 Bay Trail,bgent3@ovh.net,1990-02-09
emedeway4,Erminia Medeway,M,2 Eastlawn Point,emedeway4@mapquest.com,1995-02-19
mdopson5,Moritz Dopson,F,2571 Parkside Pass,mdopson5@bandcamp.com,1978-12-24
rlaundon6,Reeta Laundon,M,370 Moulton Place,rlaundon6@examiner.com,1981-12-13
sblakeden7,Sonnnie Blakeden,F,54327 Garrison Park,sblakeden7@psu.edu,1969-04-25
ckobiela8,Cece Kobiela,F,35740 Ludington Junction,ckobiela8@dailymotion.com,1993-08-17
hsimenon9,Harwilll Simenon,F,073 Hanover Lane,hsimenon9@nbcnews.com,1967-03-15
hmancella,Humphrey Mancell,F,96 Vermont Court,hmancella@barnesandnoble.com,2009-04-19
bbillingslyb,Brina Billingsly,M,37848 Kim Crossing,bbillingslyb@nydailynews.com,1950-04-22
rhatjec,Rasia Hatje,F,69 Blue Bill Park Alley,rhatjec@house.gov,2008-12-06
dnesterd,Dimitri Nester,F,2 Sycamore Parkway,dnesterd@uiuc.edu,1954-05-29
rbythwaye,Reed Bythway,F,422 Hazelcrest Court,rbythwaye@ca.gov,1947-04-30
ewarmingtonf,Ethan Warmington,M,14251 Barnett Parkway,ewarmingtonf@nih.gov,2004-04-14
vdigbyg,Vachel Digby,M,236 Green Ridge Way,vdigbyg@buzzfeed.com,2016-10-25
jbaackh,Julianne Baack,F,124 Nelson Lane,jbaackh@barnesandnoble.com,1967-08-21
weglei,Wildon Egle of Germany,F,4 Prentice Point,weglei@bizjournals.com,2013-05-16
mcarej,Martguerita Care,M,221 Golf Road,mcarej@goo.ne.jp,1962-10-09
sstreakk,Shayna Streak,F,7 Everett Drive,sstreakk@deviantart.com,1997-02-01
mhacksbyl,Mervin Hacksby,M,15265 Hansons Center,mhacksbyl@51.la,2010-07-10
raustickm,Retha Austick,F,8 Rutledge Avenue,raustickm@utexas.edu,1999-02-05
shessern,Shalne Hesser,F,210 Atwood Pass,shessern@wikispaces.com,1970-12-27
hduggano,Hayyim Duggan,F,19 Lakeland Point,hduggano@w3.org,1991-09-05
cvamplusp,Colman Vamplus,M,59 Hauk Court,cvamplusp@icio.us,1997-07-18
tsindersonq,Terence Sinderson,F,6806 Morningstar Circle,tsindersonq@linkedin.com,1986-05-30
dtoughr,Dorree Tough,F,652 Logan Trail,dtoughr@g.co,2012-06-26
smulvaneys,Selina Mulvaney,M,5 Loftsgordon Avenue,smulvaneys@microsoft.com,1947-04-26
sstaverst,Sayre Stavers,F,1 Messerschmidt Street,sstaverst@chicagotribune.com,2009-09-03
jdutsonu,Janessa Dutson,M,756 Melrose Drive,jdutsonu@github.io,2012-01-20
croskrugev,Courtney Roskruge,F,476 Monterey Junction,croskrugev@narod.ru,1978-05-31
mquiltyw,Murvyn Quilty,F,9226 Emmet Parkway,mquiltyw@google.com.au,1991-03-21
aeustonx,Ambur Euston,F,688 Daystar Parkway,aeustonx@cnn.com,1995-11-13
lbrosnany,Liva Brosnan,M,057 Reindahl Alley,lbrosnany@epa.gov,1987-06-07
ocreedlandz,Olivia Creedland,F,40137 Northland Avenue,ocreedlandz@vinaora.com,1982-03-27
ahogsden10,Aeriell Hogsden,M,46 Monica Parkway,ahogsden10@vistaprint.com,1954-03-04
fharkins11,Forest Harkins,M,7489 Johnson Street,fharkins11@cpanel.net,2016-05-01
rnerheny12,Raina Nerheny,F,29 Laurel Lane,rnerheny12@themeforest.net,1980-05-07
msapp13,Marlo Sapp,F,30 Holmberg Lane,msapp13@live.com,1998-09-07
bgripton14,Bunnie Gripton,M,21218 Dottie Drive,bgripton14@wired.com,1996-07-31
jnazair15,Joanne Nazair,M,46 Sommers Crossing,jnazair15@senate.gov,2010-03-28
rsummerbell16,Robenia Summerbell,F,5306 Armistice Hill,rsummerbell16@vinaora.com,2014-10-01
dpowlesland17,Dannye Powlesland,F,45519 Steensland Circle,dpowlesland17@arstechnica.com,1952-06-23
asherel18,Ania Sherel,M,57090 Johnson Way,asherel18@drupal.org,1963-12-18
feliesco19,Fabien Eliesco,M,982 Portage Plaza,feliesco19@statcounter.com,1985-10-04
jpoundford1a,Jan Poundford,M,24603 Loeprich Court,jpoundford1a@abc.net.au,1957-08-24
rdrescher1b,Rosanna Drescher,F,3569 Glendale Point,rdrescher1b@marketwatch.com,1948-08-25
xmarflitt1c,Ximenez Marflitt,M,688 Grover Drive,xmarflitt1c@soup.io,2012-11-17
nshilston1d,Naomi Shilston,M,1 Summer Ridge Junction,nshilston1d@shop-pro.jp,1947-01-25
ejina1e,Eddy Jina,M,6 Sycamore Drive,ejina1e@icq.com,1979-08-28
dweild1f,Dorri Weild,F,128 Autumn Leaf Point,dweild1f@elpais.com,1980-03-31
bhardes1g,Bryce Hardes,M,29458 Village Green Pass,bhardes1g@whitehouse.gov,1941-09-21
adowtry1h,Andre Dowtry,F,81 Dunning Avenue,adowtry1h@slate.com,2018-04-27
otiffany1i,Odelinda Tiffany,F,923 Atwood Court,otiffany1i@bizjournals.com,1992-12-19
dcouzens1j,Dunstan Couzens,F,0 Main Crossing,dcouzens1j@patch.com,1990-09-25
trolfi1k,Talyah Rolfi,M,746 Upham Hill,trolfi1k@buzzfeed.com,1942-08-22
handerl1l,Hymie Anderl,F,5 3rd Crossing,handerl1l@indiegogo.com,1983-11-13
delwill1m,Dorise Elwill,F,04 Monterey Road,delwill1m@ning.com,1996-10-03
naberdalgy1n,Nehemiah Aberdalgy,M,3 Milwaukee Park,naberdalgy1n@fastcompany.com,2015-01-17
lcorbally1o,Lawry Corbally,M,16934 Larry Crossing,lcorbally1o@biblegateway.com,2019-10-30
groberson1p,Goldy Roberson,M,8 Walton Lane,groberson1p@chron.com,1986-08-20
rtoland1q,Rosemonde Toland,F,40 Fisk Drive,rtoland1q@adobe.com,1981-12-03
plethem1r,Parker Lethem,M,571 Vernon Parkway,plethem1r@tumblr.com,1940-10-19
sgoundry1s,Salem Goundry,F,583 Saint Paul Crossing,sgoundry1s@army.mil,1959-07-16
rmcconigal1t,Reggy McConigal,M,5663 Cambridge Way,rmcconigal1t@wikimedia.org,2007-10-27
rdelue1u,Rochell Delue,M,9007 Hintze Park,rdelue1u@blogspot.com,1971-10-04
aarnholz1v,Aeriela Arnholz,F,6 5th Drive,aarnholz1v@bandcamp.com,2011-08-06
wmoraleda1w,Way Moraleda,M,07 Declaration Place,wmoraleda1w@washingtonpost.com,1973-02-25
crisso1x,Caitrin Risso,F,99 Stuart Trail,crisso1x@sbwire.com,1946-10-21
krawcliff1y,Kermy Rawcliff,M,2578 Lake View Center,krawcliff1y@w3.org,1943-05-28
meykelbosch1z,Matthieu Eykelbosch,M,205 Tennessee Crossing,meykelbosch1z@jiathis.com,1979-09-03
gmcilvaney20,Greer McIlvaney,M,0 Birchwood Trail,gmcilvaney20@aol.com,1953-05-26
lmccullough21,Lucilia McCullough,M,72 Annamark Court,lmccullough21@ezinearticles.com,1975-09-05
npead22,Nico Pead,M,2 Columbus Point,npead22@ezinearticles.com,2020-10-03
agrigoliis23,Alma Grigoliis,M,091 Rigney Crossing,agrigoliis23@skype.com,1988-09-21
bdobeson24,Basia Dobeson,M,7 Oneill Center,bdobeson24@delicious.com,2015-04-14
owippermann25,Ortensia Wippermann,M,87610 Bashford Avenue,owippermann25@huffingtonpost.com,1984-01-08
ghiggonet26,Geri Higgonet,F,66435 Russell Terrace,ghiggonet26@apple.com,2001-12-24
sscorey27,Scotty Scorey,F,4798 Farragut Court,sscorey27@cbslocal.com,1978-09-21
cjaukovic28,Cassandre Jaukovic,M,324 Little Fleur Point,cjaukovic28@netscape.com,1962-02-24
ibrentnall29,Isac Brentnall,M,641 Raven Parkway,ibrentnall29@etsy.com,1999-07-27
jlannin2a,Joela Lannin,M,5776 Melby Hill,jlannin2a@cdc.gov,1998-10-20
dstudd2b,Doralynne Studd,M,8 Florence Way,dstudd2b@google.it,2007-01-16
lhandyside2c,Livvy Handyside,M,55522 Daystar Center,lhandyside2c@europa.eu,1960-07-28
lverne2d,La verne Stener,F,1 Manitowish Lane,lverne2d@msn.com,1943-05-16
dbowgen2e,Danice Bowgen,M,3096 Kensington Hill,dbowgen2e@berkeley.edu,2015-01-06
dmccutheon2f,Deirdre McCutheon,M,9074 Loeprich Road,dmccutheon2f@creativecommons.org,1967-06-11
rcrauford2g,Raven Crauford,M,79787 Dryden Alley,rcrauford2g@hugedomains.com,1984-09-10
msissland2h,Mercie Sissland,F,94 Loftsgordon Trail,msissland2h@ebay.com,1976-06-13
nmccandie2i,Nedi McCandie,F,62844 Rigney Court,nmccandie2i@webs.com,2020-09-05
iiley2j,Ignazio Iley,M,6816 Sommers Hill,iiley2j@over-blog.com,1945-08-26
aghelerdini2k,Atalanta Ghelerdini,F,27 Mendota Center,aghelerdini2k@spotify.com,1976-09-15
wbromehead2l,Waverly Bromehead,F,58 Killdeer Trail,wbromehead2l@tumblr.com,1977-07-09
tkinch2m,Thaine Kinch,F,0151 Thackeray Point,tkinch2m@time.com,1946-03-12
qrosone2n,Quinta Rosone,F,74582 Melby Way,qrosone2n@bigcartel.com,1965-03-01
lcapron2o,Lucretia Capron,F,12510 Golden Leaf Hill,lcapron2o@cornell.edu,1979-12-26
lreader2p,Lita Reader,F,240 Corry Circle,lreader2p@a8.net,1942-03-06
khammelberg2q,Karita Hammelberg,F,8 Hazelcrest Crossing,khammelberg2q@geocities.com,1958-06-11
bfontin2r,Brucie Fontin,F,21997 Charing Cross Point,bfontin2r@webnode.com,1973-11-03